{"cameraMode":{"drawMode":0,"name":"Shaded","section":"Shading Mode"},"sceneLighting":true,"audioPlay":false,"sceneViewState":{"showFog":true,"showMaterialUpdate":false,"showSkybox":true,"showFlares":true,"showImageEffects":true,"showParticleSystems":true},"in2DMode":false,"pivot":{"x":84.00442504882813,"y":-31.956298828125,"z":-3.0162649154663088},"rotation":{"x":-0.12535253167152406,"y":-0.7091835737228394,"z":0.1303332895040512,"w":-0.6816300749778748},"size":46.63402557373047,"orthographic":false}